<?xml version="1.0" encoding="utf-8"?>
<manifest identifier="Adobe_Presenter_Quiz_ID" version="1.0" xsi:schemaLocation="http://www.imsproject.org/xsd/imscp_rootv1p1p2 imscp_rootv1p1p2.xsd http://www.imsglobal.org/xsd/imsmd_rootv1p2p1 imsmd_rootv1p2p1.xsd http://www.adlnet.org/xsd/adlcp_rootv1p2 adlcp_rootv1p2.xsd http://www.imsglobal.org/xsd/imsmd_rootv1p2p1 imsmd_rootv1p2p1.xsd" xmlns="http://www.imsproject.org/xsd/imscp_rootv1p1p2" xmlns:adlcp="http://www.adlnet.org/xsd/adlcp_rootv1p2" xmlns:xsi="http://www.w3.org/2001/XMLSchema-instance">
	<metadata>
		<schema>ADL SCORM</schema>
		<schemaversion>1.2</schemaversion>
		<lom xmlns="http://www.imsglobal.org/xsd/imsmd_rootv1p2p1">
			<general>
				<title>
					<langstring xml:lang="x-none"></langstring>
				</title>
				<catalogentry>
					<catalog>Adobe Presenter Course</catalog>
					<entry>
						<langstring xml:lang="x-none">Adobe_Presenter_Quiz_ID</langstring>
					</entry>
				</catalogentry>
				<description>
					<langstring xml:lang="x-none"></langstring>
				</description>
			</general>
			<lifecycle>
				<version>
					<langstring xml:lang="x-none">1.0</langstring>
				</version>
				<status>
					<source>
						<langstring xml:lang="x-none">LOMv1.0</langstring>
					</source>
					<value>
						<langstring xml:lang="x-none">Final</langstring>
					</value>
				</status>
			</lifecycle>
			<metametadata>
				<metadatascheme>ADL SCORM 1.2</metadatascheme>
			</metametadata>
			<technical>
				<format>text/html</format>
				<location>.</location>
			</technical>
			<rights>
				<cost>
					<source>
						<langstring xml:lang="x-none">LOMv1.10</langstring>
					</source>
					<value>
						<langstring xml:lang="x-none">no</langstring>
					</value>
				</cost>
				<copyrightandotherrestrictions>
					<source>
						<langstring xml:lang="x-none">LOMv1.10</langstring>
					</source>
					<value>
						<langstring xml:lang="x-none">no</langstring>
					</value>
				</copyrightandotherrestrictions>
			</rights>
			<classification>
				<purpose>
					<source>
						<langstring xml:lang="x-none">LOMv1.0</langstring>
					</source>
					<value>
						<langstring xml:lang="x-none">Idea</langstring>
					</value>
				</purpose>
				<description>
					<langstring xml:lang="x-none"></langstring>
				</description>
				<keyword>
					<langstring xml:lang="x-none">Adobe Presenter</langstring>
				</keyword>
			</classification>
		</lom>
	</metadata>
	<organizations default="_ORG">
		<organization identifier="_ORG">
			<title>Adobe_Presenter</title>
			<item identifier="Adobe_Presenter_Quiz" isvisible="true" identifierref="_RES">
				<title>Adobe_Presenter_Quiz</title>
			</item>
		</organization>
	</organizations>
	<resources>
		<resource identifier="_RES" type="webcontent" href="SCORM.htm" adlcp:scormtype="sco">
			<file href="breeze-manifest.xml"/>
			<file href="browsersniff.js"/>
			<file href="data/html/fa/SourceSansPro-Bold.otf"/>
			<file href="data/html/fa/SourceSansPro-Light.otf"/>
			<file href="data/html/fa/SourceSansPro-Regular.otf"/>
			<file href="data/html/jssor.slider.mini.js"/>
			<file href="data/html/pa/Button_Default.png"/>
			<file href="data/html/pa/common.png"/>
			<file href="data/html/pa/desktop.png"/>
			<file href="data/html/pa/follow.png"/>
			<file href="data/html/pa/following.png"/>
			<file href="data/html/pa/mobile.png"/>
			<file href="data/html/pa/new Question.png"/>
			<file href="data/html/pa/play-button-overlay.png"/>
			<file href="data/html/pa/Pn_HTML5_player_spinner.gif"/>
			<file href="data/html/pa/pr_dummy"/>
			<file href="data/html/pa/Spinner_800x600px_light.gif"/>
			<file href="data/html/presenter.css"/>
			<file href="data/html/presenter.extralibs.js"/>
			<file href="data/html/presenter.js"/>
			<file href="data/html/presenter.libs.js"/>
			<file href="data/html/Project.js"/>
			<file href="data/resources/ha/0490d52c0dbf4f5eb089b40bf6a3c739.png"/>
			<file href="data/resources/ha/08c29d4adf8a4c3ca9a86cded3ef9234.png"/>
			<file href="data/resources/ha/09ca44cd732d42a0ba5371ae5afd5c0b.png"/>
			<file href="data/resources/ha/0cb244e516d242909bbacca80818abef.png"/>
			<file href="data/resources/ha/0ded55a7b9ff4ef48335d4dd7455d632.png"/>
			<file href="data/resources/ha/0e12fecd772d4897a2e29644e1797b1e.png"/>
			<file href="data/resources/ha/0e61fe139be14a958a51546def92ad98.png"/>
			<file href="data/resources/ha/0e86bb6c35c44b798d0316b1f9d9e1db.png"/>
			<file href="data/resources/ha/0f0949560f5b49debf03c5c9718dacac.png"/>
			<file href="data/resources/ha/1223eb71110b4ab99ab7935f1a0b3e20.png"/>
			<file href="data/resources/ha/154b5265da80462cb8b67fb0a4b8f7a8.png"/>
			<file href="data/resources/ha/156ee75bfd3f4d63a8dc79f7f8630ce5.png"/>
			<file href="data/resources/ha/16a95b184fc84c318c4ba410f2ac6cdb.png"/>
			<file href="data/resources/ha/1f4812a5844247bca9a730ba4431cbb0.png"/>
			<file href="data/resources/ha/20692d9602304814bac622aa9125c123.png"/>
			<file href="data/resources/ha/20af679c80c84c5fab2da7a4beda9753.png"/>
			<file href="data/resources/ha/2326fce43c0a4e6caa7d544fa31db2e7.png"/>
			<file href="data/resources/ha/2368c81d928540f395fcbc19ba3fc6ca.png"/>
			<file href="data/resources/ha/265ff31b06b04072a5007430461ba69c.png"/>
			<file href="data/resources/ha/26bbb12d3c6245b2835d3d7dd2a23305.png"/>
			<file href="data/resources/ha/291d611812fa4ec898a51749bef26b29.png"/>
			<file href="data/resources/ha/29c079618dc547e9b03758a983b6fed2.png"/>
			<file href="data/resources/ha/29fd39c064894be6b87e37968d869252.png"/>
			<file href="data/resources/ha/2a0b2f2b616148c3849de3a833913e22.png"/>
			<file href="data/resources/ha/2a36ae3e1e864724ac41d618954e2c95.png"/>
			<file href="data/resources/ha/2c5701f1e7c24b3fa4477dd1552b91d2.png"/>
			<file href="data/resources/ha/2caa94a02aac4960972db3193a5677a1.png"/>
			<file href="data/resources/ha/2ed1f7ec08df4b5292c1a89dd15fcf44.png"/>
			<file href="data/resources/ha/2f3ee10222d24ebc9503357266d88aa5.png"/>
			<file href="data/resources/ha/30ae99b9181840c6980a6ad54c893e08.png"/>
			<file href="data/resources/ha/323c38da89a74c559bf3cfabb3652056.png"/>
			<file href="data/resources/ha/35547ea0c278480aa83af81a87cad3ed.png"/>
			<file href="data/resources/ha/35f2d2c0e7784d44ae89835c5dabbd6f.png"/>
			<file href="data/resources/ha/35fa2fb5fd7f43349bc2dabd84749ae4.png"/>
			<file href="data/resources/ha/3762525c98764085a86ab13baf7a6292.png"/>
			<file href="data/resources/ha/3908b9eafef746b8aa636f7dea28055b.png"/>
			<file href="data/resources/ha/3a50be41af7c4425af8b121ac514dd77.png"/>
			<file href="data/resources/ha/3ae13277489e4fb081351137266efe17.png"/>
			<file href="data/resources/ha/3c0fc9e0ee704fb8884635e9afd5104c.png"/>
			<file href="data/resources/ha/3ca01b74945c4d8c907ce617f6a771a8.png"/>
			<file href="data/resources/ha/3f33468bd42942e3a71ac2b46541ebbd.png"/>
			<file href="data/resources/ha/411bb61b5bf246a48813eb0c5961d398.png"/>
			<file href="data/resources/ha/43c75eb9472344fdb66a70d531dbcb09.png"/>
			<file href="data/resources/ha/488d2dee530f46afacc6ac43e284ce79.png"/>
			<file href="data/resources/ha/49c3ccb4ae4c4438a68cae92537a35a4.png"/>
			<file href="data/resources/ha/49d16b0a5f554c18a1d72af18915f7ff.png"/>
			<file href="data/resources/ha/4a5f09ab8e954eada920a54213a4afe3.png"/>
			<file href="data/resources/ha/4c22699f442244588868eb1498fbadf3.png"/>
			<file href="data/resources/ha/4fc3c5403c7d40d3ae5d49205610706c.png"/>
			<file href="data/resources/ha/50393b110b70406b83fb5c87f60c7f5b.png"/>
			<file href="data/resources/ha/507c88057f5f4b08914c748c1f124ebd.png"/>
			<file href="data/resources/ha/5231546b7c0949a79dbb4a269c24bd71.png"/>
			<file href="data/resources/ha/55e0f297520842bdaeff841c897ee31c.png"/>
			<file href="data/resources/ha/560c0cbb54c54ab0b7f99c5145d3ad0d.png"/>
			<file href="data/resources/ha/58afba445a85467190994c3b812b2421.png"/>
			<file href="data/resources/ha/5c22de98c4fc4f97a4ffcd4573fec6e0.png"/>
			<file href="data/resources/ha/5e0b82a3dd4b43708f71f047c71410dd.png"/>
			<file href="data/resources/ha/5eb0967bfd024a118ec3d7a745d75777.png"/>
			<file href="data/resources/ha/60b97a83e65a41e38db9403db4729cbb.png"/>
			<file href="data/resources/ha/60e3c81fb1854e19b70e3fa8ad8e66ce.png"/>
			<file href="data/resources/ha/61e524045082464f82687dd479e71837.png"/>
			<file href="data/resources/ha/6247ce7d2a9f4ba0b3ff90cb77675c03.png"/>
			<file href="data/resources/ha/62bbe4d89c8045969328c023532de216.png"/>
			<file href="data/resources/ha/65479ba0199e40138a11eec1eb829c4c.png"/>
			<file href="data/resources/ha/6754627542824449a492ac9a90b50d5b.png"/>
			<file href="data/resources/ha/6758cb257bba498296c139bd92fc8e0f.png"/>
			<file href="data/resources/ha/68097335714a4bca927f70f4e855b76c.png"/>
			<file href="data/resources/ha/6a46f3d3756d40b096745cf96c441b42.png"/>
			<file href="data/resources/ha/6aaec89b989649ec8350788f8923a66b.png"/>
			<file href="data/resources/ha/6b45fdd515fd468c86cde3e5ea6bc229.png"/>
			<file href="data/resources/ha/6d951478d61b4fcdbdce59fbd1f831a7.png"/>
			<file href="data/resources/ha/6fc98e5c82f04f76ba7531f7276f6321.png"/>
			<file href="data/resources/ha/708e3f0df3b74a26bf82f531f4061d9c.png"/>
			<file href="data/resources/ha/72cfeca8d6c841c28838079d463eda41.png"/>
			<file href="data/resources/ha/73610db2bd024b3e911c2079f87aa05c.png"/>
			<file href="data/resources/ha/73d8dba24d224190bf188dbb17bfa6d2.png"/>
			<file href="data/resources/ha/77d3082506c748d1a9d2621863237a99.png"/>
			<file href="data/resources/ha/79125f4522e2499785026c6c4d948b20.png"/>
			<file href="data/resources/ha/7b842da98f9945738166ed25eed75ff7.png"/>
			<file href="data/resources/ha/7e239da481fc4daa9682e43ffd62d283.png"/>
			<file href="data/resources/ha/7eb4537042f14cfdbef45b16ca537c27.png"/>
			<file href="data/resources/ha/817404ede17c4e21abaa41971806842a.png"/>
			<file href="data/resources/ha/840d06c478bb4c74a3a159f2c573b21f.png"/>
			<file href="data/resources/ha/85caa06f0e9f4e1cb96ad413fe142c32.png"/>
			<file href="data/resources/ha/8747c54c0d984c0fa80ad806d62732b0.png"/>
			<file href="data/resources/ha/894e46bec3a342a78504484933501903.png"/>
			<file href="data/resources/ha/8fa2ed51a5724d82891d12bdbe6f8a37.png"/>
			<file href="data/resources/ha/929aa50f6a8e41dda03c5bf54188f84c.png"/>
			<file href="data/resources/ha/96712799d1c44456b591da5f307f40c8.png"/>
			<file href="data/resources/ha/98ed15cd667b46f8a6f77b44febd6f02.png"/>
			<file href="data/resources/ha/9db659657c0e4827813beed92270da3a.png"/>
			<file href="data/resources/ha/a3201b6836d64b708ff3d8a76a9047ab.png"/>
			<file href="data/resources/ha/a44db6f90f1344dc8fa6001e46f3fea2.png"/>
			<file href="data/resources/ha/ac8d0c2821c3408ab1fa0509056e2f66.png"/>
			<file href="data/resources/ha/ad1b5af93437488bbf7bc8502691af64.png"/>
			<file href="data/resources/ha/aec07b6b0b924de390c5ef38ae1134cd.png"/>
			<file href="data/resources/ha/afdebdbaac8444a5ad093bd0024d32ee.png"/>
			<file href="data/resources/ha/b0dbded483f44bcaa862341ef8671a57.png"/>
			<file href="data/resources/ha/b0f08f7603314baa85114fc72143528b.png"/>
			<file href="data/resources/ha/b2144d9713074e7599c4e84eb2db91f3.png"/>
			<file href="data/resources/ha/b34913d56694424b9a7f4e540681d1a0.png"/>
			<file href="data/resources/ha/b6ae3bf8eaa0497db9ab9dc1337b5ceb.png"/>
			<file href="data/resources/ha/bac3a293a4c54f1f9f0572c31f905ab2.png"/>
			<file href="data/resources/ha/bbce4f18441b46eabe252bb02515ee19.png"/>
			<file href="data/resources/ha/bc8a77ba0be94c3daf73dd6ada2a4b2e.png"/>
			<file href="data/resources/ha/bf42c5658511481fb2783c45976c0744.png"/>
			<file href="data/resources/ha/c3e78e76edf34cc3bfe53b4a9adffbb2.png"/>
			<file href="data/resources/ha/c4ad1656d0d149d6b9a48837c1b1dfc3.png"/>
			<file href="data/resources/ha/c5f9efb3a4334cfa993877817c30779e.png"/>
			<file href="data/resources/ha/c93dabca2077497aa94c8a294d441aca.png"/>
			<file href="data/resources/ha/ce18abd1183a4a0296f5317277b1c3a9.png"/>
			<file href="data/resources/ha/ce373e38f7264ebda3b86b8e8f4dc8d5.png"/>
			<file href="data/resources/ha/ce6b66d75d824d5a8149999687763852.png"/>
			<file href="data/resources/ha/d4489cccd98e45bb9c97abfb867b03da.png"/>
			<file href="data/resources/ha/d45c7edcb3cb43438ba255b2cb686e20.png"/>
			<file href="data/resources/ha/d5b30a23b44b4facbc766326780e0940.png"/>
			<file href="data/resources/ha/d641d2dfe372490892bd6dd30c2f70ba.png"/>
			<file href="data/resources/ha/d64cc42029f14b45be7c05dae545e870.png"/>
			<file href="data/resources/ha/d82419615e9d451e8c7fc7098d2a9d60.png"/>
			<file href="data/resources/ha/d91e881851a74dafb8efedbb15a59b11.png"/>
			<file href="data/resources/ha/d9c7baca2cd3450294529cb5ba5806b5.png"/>
			<file href="data/resources/ha/da4528db4de5442c9ab9145c3601cfbe.png"/>
			<file href="data/resources/ha/dc602829ca054f9ca6150cf447b1a928.png"/>
			<file href="data/resources/ha/dd7f509eb8744c19962ecfaadc6b5a83.png"/>
			<file href="data/resources/ha/de6e182a57c049dc9a3aebc1e775be9b.png"/>
			<file href="data/resources/ha/de82723f15f44987a587712f973897e5.png"/>
			<file href="data/resources/ha/ded4bcd3b0e14a7196f9fbb663564b66.png"/>
			<file href="data/resources/ha/e04c7f62dcbd4bc591b9b42489a62ed0.png"/>
			<file href="data/resources/ha/e32c4a6698eb4180b61cac58aceb39ab.png"/>
			<file href="data/resources/ha/e635a18b4b9e4730b714d3e6570509fb.png"/>
			<file href="data/resources/ha/ea65aefca0f44bdda1ce90d22f000976.png"/>
			<file href="data/resources/ha/eb071befbe2846d8a8fb0a995136f0d2.png"/>
			<file href="data/resources/ha/f0af1a59f7bf4085b468a9559947d4e4.png"/>
			<file href="data/resources/ha/f14c6d1eb1474e6bba1899cb513fc8cc.png"/>
			<file href="data/resources/ha/f378ae27428f4d308a3b9185387abb02.png"/>
			<file href="data/resources/ha/f429000a2ec143b19eb123db4b1fdccb.png"/>
			<file href="data/resources/ha/f60eb5bb4fad4791b7f4034bad143fa8.png"/>
			<file href="data/resources/ha/f86bbe887ee14786bfb2292c261ff2ee.png"/>
			<file href="data/resources/ha/f8920b592bd74842b6355c9463862ef5.png"/>
			<file href="data/resources/ha/f946169745a74bf4b030fb15b96f8ef6.png"/>
			<file href="data/resources/ha/fcc74ec3f6e34443bb640a2ae2146009.png"/>
			<file href="data/resources/ha/Quiz_slide_thumbnail.png"/>
			<file href="data/resources/ha/Slide1.PNG"/>
			<file href="data/resources/ha/Slide2.PNG"/>
			<file href="data/srchdata.xml"/>
			<file href="data/vconfig.xml"/>
			<file href="data/viewer.xml"/>
			<file href="metadata/ACAP.json"/>
			<file href="metadata/trackdta.xml"/>
			<file href="SCORM.htm"/>
			<file href="scormdriver.js"/>
			<file href="SCORM_utilities.js"/>
			<file href="standard.js"/>
			<file href="Utilities.js"/>
			<file href="webObject.js"/>
			<file href="index.htm"/>
		</resource>
	</resources>
</manifest>
