{"metadata" : {"frameRate":"30","generator":"Presenter","generatorVersion":"11.1.0","launchFile":"index.htm","pptxLoop":"0","title":"ski-quiz","totalSlides":"10",
"durationInMS":"10000"} ,
"contentStructure" : [{ "id" :"1256","class" :"slide","title" :"Ski Jargon Quiz","roles" : {"navigation" :{ "navid":"dy256" },"slide" :{ "durationInMS":"5000","hidePlaybar":"false" } },"thumbnail" : "data\/resources\/ha\/Slide1.PNG"},
{ "id" :"1257","class" :"slide","title" :"Get ready…","roles" : {"navigation" :{ "navid":"dy257" },"slide" :{ "durationInMS":"5000","hidePlaybar":"false" } },"thumbnail" : "data\/resources\/ha\/Slide2.PNG"},
{ "id" :"1258","class" :"slide","title" :"What does 'wipe out' mean?","roles" : {"navigation" :{ "navid":"dy258" },"slide" :{ "durationInMS":"0","hidePlaybar":"false" } },"children" :[ "258001","258006","258007" ],"thumbnail" : "data\/resources\/ha\/Quiz_slide_thumbnail.png"},
{ "id" :"258001","roles" : {"question" :{ "correctAnswers":[ "258003" ],"interactionId":"Interaction10015","interactionType":"choice","objectiveId":"Quiz10004","questionAttemptsAllowed":"1","questionGroupId":"-1","questionId":"10015","quizId":"10004","randomized":"true","score":{ "penalty" :"0","weight" :"10" },"text":"What does 'wipe out' mean?","title":"What does 'wipe out' mean?","tracked":"1","type":"graded" } },"children" :[ "258002","258003","258004","258005" ]},
{ "id" :"258002","sourceId"  :"A","title" :"It's a popular apres dance move","roles" : {"answer" :{  } }},
{ "id" :"258003","sourceId"  :"B","title" :"Falling over, usually in a dramatic fashion","roles" : {"answer" :{  } }},
{ "id" :"258004","sourceId"  :"C","title" :"Poor visibility on the slopes because it's snowing","roles" : {"answer" :{  } }},
{ "id" :"258005","sourceId"  :"D","title" :"Landing a trick","roles" : {"answer" :{  } }},
{ "id" :"258006","title" :"Submit","roles" : {"click" :{  } }},
{ "id" :"258007","title" :"Clear","roles" : {"click" :{  } }},
{ "id" :"1259","class" :"slide","title" :"What does 'bombing' refer to?","roles" : {"navigation" :{ "navid":"dy259" },"slide" :{ "durationInMS":"0","hidePlaybar":"false" } },"children" :[ "259001","259006","259007" ],"thumbnail" : "data\/resources\/ha\/Quiz_slide_thumbnail.png"},
{ "id" :"259001","roles" : {"question" :{ "correctAnswers":[ "259005" ],"interactionId":"Interaction10027","interactionType":"choice","objectiveId":"Quiz10004","questionAttemptsAllowed":"1","questionGroupId":"-1","questionId":"10027","quizId":"10004","randomized":"false","score":{ "penalty" :"0","weight" :"10" },"text":"What does 'bombing' refer to?","title":"What does 'bombing' refer to?","tracked":"1","type":"graded" } },"children" :[ "259002","259003","259004","259005" ]},
{ "id" :"259002","sourceId"  :"A","title" :"A night where you only drink Jagerbombs","roles" : {"answer" :{  } }},
{ "id" :"259003","sourceId"  :"B","title" :"Slang for the snowboarding festival in Mayrhofen","roles" : {"answer" :{  } }},
{ "id" :"259004","sourceId"  :"C","title" :"Breaking through the top crust of snow and sinking into the powder","roles" : {"answer" :{  } }},
{ "id" :"259005","sourceId"  :"D","title" :"Travelling at speed down the slope","roles" : {"answer" :{  } }},
{ "id" :"259006","title" :"Submit","roles" : {"click" :{  } }},
{ "id" :"259007","title" :"Clear","roles" : {"click" :{  } }},
{ "id" :"1260","class" :"slide","title" :"What does 'stomp' mean?","roles" : {"navigation" :{ "navid":"dy260" },"slide" :{ "durationInMS":"0","hidePlaybar":"false" } },"children" :[ "260001","260006","260007" ],"thumbnail" : "data\/resources\/ha\/Quiz_slide_thumbnail.png"},
{ "id" :"260001","roles" : {"question" :{ "correctAnswers":[ "260005" ],"interactionId":"Interaction10039","interactionType":"choice","objectiveId":"Quiz10004","questionAttemptsAllowed":"1","questionGroupId":"-1","questionId":"10039","quizId":"10004","randomized":"true","score":{ "penalty" :"0","weight" :"10" },"text":"What does 'stomp' mean?","title":"What does 'stomp' mean?","tracked":"1","type":"graded" } },"children" :[ "260002","260003","260004","260005" ]},
{ "id" :"260002","sourceId"  :"A","title" :"When you jump up and down to rid your skis or board of snow","roles" : {"answer" :{  } }},
{ "id" :"260003","sourceId"  :"B","title" :"An apres party where everyone dances on tables in their ski boots","roles" : {"answer" :{  } }},
{ "id" :"260004","sourceId"  :"C","title" :"A shot comprised of Baileys, whiskey, and Cointreau","roles" : {"answer" :{  } }},
{ "id" :"260005","sourceId"  :"D","title" :"When you land a trick well","roles" : {"answer" :{  } }},
{ "id" :"260006","title" :"Submit","roles" : {"click" :{  } }},
{ "id" :"260007","title" :"Clear","roles" : {"click" :{  } }},
{ "id" :"1261","class" :"slide","title" :"What is a 'kicker'?","roles" : {"navigation" :{ "navid":"dy261" },"slide" :{ "durationInMS":"0","hidePlaybar":"false" } },"children" :[ "261001","261006","261007" ],"thumbnail" : "data\/resources\/ha\/Quiz_slide_thumbnail.png"},
{ "id" :"261001","roles" : {"question" :{ "correctAnswers":[ "261002" ],"interactionId":"Interaction10051","interactionType":"choice","objectiveId":"Quiz10004","questionAttemptsAllowed":"1","questionGroupId":"-1","questionId":"10051","quizId":"10004","randomized":"false","score":{ "penalty" :"0","weight" :"10" },"text":"What is a 'kicker'?","title":"What is a 'kicker'?","tracked":"1","type":"graded" } },"children" :[ "261002","261003","261004","261005" ]},
{ "id" :"261002","sourceId"  :"A","title" :"A home-made wedge in the snow for performing small tricks","roles" : {"answer" :{  } }},
{ "id" :"261003","sourceId"  :"B","title" :"A type of snowboard, designed for doing tricks","roles" : {"answer" :{  } }},
{ "id" :"261004","sourceId"  :"C","title" :"A piste with a sharp bend in it","roles" : {"answer" :{  } }},
{ "id" :"261005","sourceId"  :"D","title" :"A skier who spends most of their time in the park","roles" : {"answer" :{  } }},
{ "id" :"261006","title" :"Submit","roles" : {"click" :{  } }},
{ "id" :"261007","title" :"Clear","roles" : {"click" :{  } }},
{ "id" :"1262","class" :"slide","title" :"Quiz","roles" : {"navigation" :{ "navid":"dy262" },"result" :{ "quizId":"10004" },"slide" :{ "durationInMS":"0","hidePlaybar":"false" } },"children" :[ "262001","262002" ],"thumbnail" : "data\/resources\/ha\/Quiz_slide_thumbnail.png"},
{ "id" :"262001","title" :"Continue","roles" : {"click" :{  } }},
{ "id" :"262002","title" :"Review","roles" : {"click" :{  } }},
{ "id" :"1263","class" :"slide","title" :"What is 'chatter'?","roles" : {"navigation" :{ "navid":"dy263" },"slide" :{ "durationInMS":"0","hidePlaybar":"false" } },"children" :[ "263001","263006","263007" ],"thumbnail" : "data\/resources\/ha\/Quiz_slide_thumbnail.png"},
{ "id" :"263001","roles" : {"question" :{ "correctAnswers":[ "263004" ],"interactionId":"Interaction10069","interactionType":"choice","objectiveId":"Quiz10004","questionAttemptsAllowed":"1","questionGroupId":"-1","questionId":"10069","quizId":"10004","randomized":"true","score":{ "penalty" :"0","weight" :"10" },"text":"What is 'chatter'?","title":"What is 'chatter'?","tracked":"1","type":"graded" } },"children" :[ "263002","263003","263004","263005" ]},
{ "id" :"263002","sourceId"  :"A","title" :"Talking while on a chairlift","roles" : {"answer" :{  } }},
{ "id" :"263003","sourceId"  :"B","title" :"Eating a plate of chips up the mountain","roles" : {"answer" :{  } }},
{ "id" :"263004","sourceId"  :"C","title" :"When your skis or snowboard shake beause of rough terrain","roles" : {"answer" :{  } }},
{ "id" :"263005","sourceId"  :"D","title" :"Comparing the number of runs at the end of the day","roles" : {"answer" :{  } }},
{ "id" :"263006","title" :"Submit","roles" : {"click" :{  } }},
{ "id" :"263007","title" :"Clear","roles" : {"click" :{  } }},
{ "id" :"1264","class" :"slide","title" :"A 'liftie' is...","roles" : {"navigation" :{ "navid":"dy264" },"slide" :{ "durationInMS":"0","hidePlaybar":"false" } },"children" :[ "264001","264006","264007" ],"thumbnail" : "data\/resources\/ha\/Quiz_slide_thumbnail.png"},
{ "id" :"264001","roles" : {"question" :{ "correctAnswers":[ "264002" ],"interactionId":"Interaction10081","interactionType":"choice","objectiveId":"Quiz10004","questionAttemptsAllowed":"1","questionGroupId":"-1","questionId":"10081","quizId":"10004","randomized":"true","score":{ "penalty" :"0","weight" :"10" },"text":"A 'liftie' is...","title":"A 'liftie' is...","tracked":"1","type":"graded" } },"children" :[ "264002","264003","264004","264005" ]},
{ "id" :"264002","sourceId"  :"A","title" :"A chairlift operator","roles" : {"answer" :{  } }},
{ "id" :"264003","sourceId"  :"B","title" :"A ski trick where you lift one knee up and grab your ski","roles" : {"answer" :{  } }},
{ "id" :"264004","sourceId"  :"C","title" :"A lift that pulls you uphill","roles" : {"answer" :{  } }},
{ "id" :"264005","sourceId"  :"D","title" :"Catching a lift down the mountain on a snowmobile","roles" : {"answer" :{  } }},
{ "id" :"264006","title" :"Submit","roles" : {"click" :{  } }},
{ "id" :"264007","title" :"Clear","roles" : {"click" :{  } }},
{ "id" :"1265","class" :"slide","title" :"What is 'jibbing'?","roles" : {"navigation" :{ "navid":"dy265" },"slide" :{ "durationInMS":"0","hidePlaybar":"false" } },"children" :[ "265001","265006","265007" ],"thumbnail" : "data\/resources\/ha\/Quiz_slide_thumbnail.png"},
{ "id" :"265001","roles" : {"question" :{ "correctAnswers":[ "265004" ],"interactionId":"Interaction10093","interactionType":"choice","objectiveId":"Quiz10004","questionAttemptsAllowed":"1","questionGroupId":"-1","questionId":"10093","quizId":"10004","randomized":"true","score":{ "penalty" :"0","weight" :"10" },"text":"What is 'jibbing'?","title":"What is 'jibbing'?","tracked":"1","type":"graded" } },"children" :[ "265002","265003","265004","265005" ]},
{ "id" :"265002","sourceId"  :"A","title" :"Landing flat on your back after a jump","roles" : {"answer" :{  } }},
{ "id" :"265003","sourceId"  :"B","title" :"Riding with the nose of your snowboard elevated","roles" : {"answer" :{  } }},
{ "id" :"265004","sourceId"  :"C","title" :"Riding something other than the snow (i.e. rails, trees, etc.)","roles" : {"answer" :{  } }},
{ "id" :"265005","sourceId"  :"D","title" :"Skiing or riding very well","roles" : {"answer" :{  } }},
{ "id" :"265006","title" :"Submit","roles" : {"click" :{  } }},
{ "id" :"265007","title" :"Clear","roles" : {"click" :{  } }},
{ "id" :"11001","roles" : {"slide" :{ "durationInMS":"0" } }},
{ "id" :"11002","roles" : {"slide" :{ "durationInMS":"0" } }},
{ "id" :"11003","roles" : {"slide" :{ "durationInMS":"0" } }},
{ "id" :"21001","roles" : {"slide" :{ "durationInMS":"0" } }},
{ "id" :"1000001","title" :"Quiz","roles" : {"quiz" :{ "allowBackwardMovementInQuiz":"1","allowReviewMode":"1","failingGradeAction":"2","failingGradeActionArg2":"1","isPercent":"false","minScore":"0","numQuizAttemptsAllowed":"1","passScore":"80","passingGradeAction":"2","passingGradeActionArg2":"1","quizAdvance":"optional","quizId":"10004","quizShuffleQuestions":"0","showFailedScoreFeedback":"Failed","showPassedScoreFeedback":"Passed","showProgress":"minimal","showQuestionsInOutline":"0","strQuizTitle":"Quiz" } }}],
"contentSettings" : {"global":{"pptxAutoPlay":"true", "showPresentationTitle":"true", "showSpeakerBio":"true", "showSpeakerEmail":"true", "showSpeakerImage":"true", "showSpeakerLogo":"true", "showSpeakerName":"true", "showSpeakerTitle":"true", "staticTOC":"false"},"toc":{"enabled":"true", "showNotes":"true", "showOnRight":"true", "showOutline":"true", "showQuizOutline":"true", "showSearch":"true", "showThumbnails":"true"},"playbar":{"enabled":"true"}},
"contentReporting" : {"exitNormalIfCompleted":"false",
"SCCriteria":"launch_content",
"SCData": {
}
},
"toc" : [{"id" : "1256","title" : "Ski Jargon Quiz"},
{"id" : "1257","title" : "Get ready…"},
{"id" : "1258","title" : "What does 'wipe out' mean?"},
{"id" : "1259","title" : "What does 'bombing' refer to?"},
{"id" : "1260","title" : "What does 'stomp' mean?"},
{"id" : "1261","title" : "What is a 'kicker'?"},
{"id" : "1263","title" : "What is 'chatter'?"},
{"id" : "1264","title" : "A 'liftie' is..."},
{"id" : "1265","title" : "What is 'jibbing'?"},
{"id" : "1262","title" : "Quiz"}]}