<?xml version="1.0" encoding="utf-8"?>
<document-metadata version="1.0" xmlns="http://breeze.macromedia.com/">
	<document-info>
		<title>ski-quiz</title>
		<summary></summary>
		<author/>
		<keywords/>
		<thumbnail href="data/thumb/thumb_slide_000001.jpg"/>
		<view-link href="/index.htm?slide={{position}}" href-html5="/index.htm?slide={{position}}" href-swf="/"/>
	</document-info>
	<section type="slide" position="1" xmlns="">
		<title>Ski Jargon Quiz</title>
		<content>Ski Jargon Quiz  Ski Jargon Quiz  </content>
		<related-content></related-content>
		<thumbnail href="data/thumb/thumb_slide_000001.jpg"/>
	</section>
	<section type="slide" position="2" xmlns="">
		<title>Get ready…</title>
		<content>Take a few moments to complete this quiz on common terms you’ll hear on the slopes. Get ready… Take a few moments to complete this quiz on common terms you’ll hear on the slopes. Get ready… </content>
		<related-content></related-content>
		<thumbnail href="data/thumb/thumb_slide_000002.jpg"/>
	</section>
	<section type="slide" position="3" xmlns="">
		<title>What does 'wipe out' mean?</title>
		<content>What does 'wipe out' mean? Correct - Click anywhere or press Control Y to continue Incorrect - Click anywhere or press Control Y to continue You answered this correctly! Your answer: The correct answer is: You did not answer this question completely You must answer the question before continuing Submit Clear A) It's a popular apres dance move B) Falling over, usually in a dramatic fashion C) Poor visibility on the slopes because it's snowing D) Landing a trick What does 'wipe out' mean? Correct - Click anywhere or press Control Y to continue Incorrect - Click anywhere or press Control Y to continue You answered this correctly! Your answer: The correct answer is: You did not answer this question completely You must answer the question before continuing Submit Clear A) It's a popular apres dance move B) Falling over, usually in a dramatic fashion C) Poor visibility on the slopes because it's snowing D) Landing a trick </content>
		<related-content></related-content>
		<thumbnail href="data/thumb/thumb_slide_000003.jpg"/>
	</section>
	<section type="slide" position="4" xmlns="">
		<title>What does 'bombing' refer to?</title>
		<content>What does 'bombing' refer to? Correct - Click anywhere or press Control Y to continue Incorrect - Click anywhere or press Control Y to continue You answered this correctly! Your answer: The correct answer is: You did not answer this question completely You must answer the question before continuing Submit Clear A) A night where you only drink Jagerbombs B) Slang for the snowboarding festival in Mayrhofen C) Breaking through the top crust of snow and sinking into the powder D) Travelling at speed down the slope What does 'bombing' refer to? Correct - Click anywhere or press Control Y to continue Incorrect - Click anywhere or press Control Y to continue You answered this correctly! Your answer: The correct answer is: You did not answer this question completely You must answer the question before continuing Submit Clear A) A night where you only drink Jagerbombs B) Slang for the snowboarding festival in Mayrhofen C) Breaking through the top crust of snow and sinking into the powder D) Travelling at speed down the slope </content>
		<related-content></related-content>
		<thumbnail href="data/thumb/thumb_slide_000004.jpg"/>
	</section>
	<section type="slide" position="5" xmlns="">
		<title>What does 'stomp' mean?</title>
		<content>What does 'stomp' mean? Correct - Click anywhere or press Control Y to continue Incorrect - Click anywhere or press Control Y to continue You answered this correctly! Your answer: The correct answer is: You did not answer this question completely You must answer the question before continuing Submit Clear A) When you jump up and down to rid your skis or board of snow B) An apres party where everyone dances on tables in their ski boots C) A shot comprised of Baileys, whiskey, and Cointreau D) When you land a trick well What does 'stomp' mean? Correct - Click anywhere or press Control Y to continue Incorrect - Click anywhere or press Control Y to continue You answered this correctly! Your answer: The correct answer is: You did not answer this question completely You must answer the question before continuing Submit Clear A) When you jump up and down to rid your skis or board of snow B) An apres party where everyone dances on tables in their ski boots C) A shot comprised of Baileys, whiskey, and Cointreau D) When you land a trick well </content>
		<related-content></related-content>
		<thumbnail href="data/thumb/thumb_slide_000005.jpg"/>
	</section>
	<section type="slide" position="6" xmlns="">
		<title>What is a 'kicker'?</title>
		<content>What is a 'kicker'? Correct - Click anywhere or press Control Y to continue Incorrect - Click anywhere or press Control Y to continue You answered this correctly! Your answer: The correct answer is: You did not answer this question completely You must answer the question before continuing Submit Clear A) A home-made wedge in the snow for performing small tricks B) A type of snowboard, designed for doing tricks C) A piste with a sharp bend in it D) A skier who spends most of their time in the park What is a 'kicker'? Correct - Click anywhere or press Control Y to continue Incorrect - Click anywhere or press Control Y to continue You answered this correctly! Your answer: The correct answer is: You did not answer this question completely You must answer the question before continuing Submit Clear A) A home-made wedge in the snow for performing small tricks B) A type of snowboard, designed for doing tricks C) A piste with a sharp bend in it D) A skier who spends most of their time in the park </content>
		<related-content></related-content>
		<thumbnail href="data/thumb/thumb_slide_000006.jpg"/>
	</section>
	<section type="slide" position="7" xmlns="">
		<title>What is 'chatter'?</title>
		<content>What is 'chatter'? Correct - Click anywhere or press Control Y to continue Incorrect - Click anywhere or press Control Y to continue You answered this correctly! Your answer: The correct answer is: You did not answer this question completely You must answer the question before continuing Submit Clear A) Talking while on a chairlift B) Eating a plate of chips up the mountain C) When your skis or snowboard shake beause of rough terrain D) Comparing the number of runs at the end of the day What is 'chatter'? Correct - Click anywhere or press Control Y to continue Incorrect - Click anywhere or press Control Y to continue You answered this correctly! Your answer: The correct answer is: You did not answer this question completely You must answer the question before continuing Submit Clear A) Talking while on a chairlift B) Eating a plate of chips up the mountain C) When your skis or snowboard shake beause of rough terrain D) Comparing the number of runs at the end of the day </content>
		<related-content></related-content>
		<thumbnail href="data/thumb/thumb_slide_000007.jpg"/>
	</section>
	<section type="slide" position="8" xmlns="">
		<title>A 'liftie' is...</title>
		<content>A 'liftie' is... Correct - Click anywhere or press Control Y to continue Incorrect - Click anywhere or press Control Y to continue You answered this correctly! Your answer: The correct answer is: You did not answer this question completely You must answer the question before continuing Submit Clear A) A chairlift operator B) A ski trick where you lift one knee up and grab your ski C) A lift that pulls you uphill D) Catching a lift down the mountain on a snowmobile A 'liftie' is... Correct - Click anywhere or press Control Y to continue Incorrect - Click anywhere or press Control Y to continue You answered this correctly! Your answer: The correct answer is: You did not answer this question completely You must answer the question before continuing Submit Clear A) A chairlift operator B) A ski trick where you lift one knee up and grab your ski C) A lift that pulls you uphill D) Catching a lift down the mountain on a snowmobile </content>
		<related-content></related-content>
		<thumbnail href="data/thumb/thumb_slide_000008.jpg"/>
	</section>
	<section type="slide" position="9" xmlns="">
		<title>What is 'jibbing'?</title>
		<content>What is 'jibbing'? Correct - Click anywhere or press Control Y to continue Incorrect - Click anywhere or press Control Y to continue You answered this correctly! Your answer: The correct answer is: You did not answer this question completely You must answer the question before continuing Submit Clear A) Landing flat on your back after a jump B) Riding with the nose of your snowboard elevated C) Riding something other than the snow (i.e. rails, trees, etc.) D) Skiing or riding very well What is 'jibbing'? Correct - Click anywhere or press Control Y to continue Incorrect - Click anywhere or press Control Y to continue You answered this correctly! Your answer: The correct answer is: You did not answer this question completely You must answer the question before continuing Submit Clear A) Landing flat on your back after a jump B) Riding with the nose of your snowboard elevated C) Riding something other than the snow (i.e. rails, trees, etc.) D) Skiing or riding very well </content>
		<related-content></related-content>
		<thumbnail href="data/thumb/thumb_slide_000009.jpg"/>
	</section>
	<section type="slide" position="10" xmlns="">
		<title>Quiz</title>
		<content>Quiz Your ScoreMax ScoreNumber of Quiz Attempts Question Feedback/Review Information Will Appear Here Review Quiz Continue Quiz Your ScoreMax ScoreNumber of Quiz Attempts Question Feedback/Review Information Will Appear Here Review Quiz Continue </content>
		<related-content></related-content>
		<thumbnail href="data/thumb/thumb_slide_000010.jpg"/>
	</section>
</document-metadata>
