<?xml version="1.0" encoding="utf-8"?>
<presentation width="720" height="540" isRTL="0" preview="0" enableAccessibility="NaN" defaultSlideDuration="5" start="play" buildNum="11.1.0.189">
	<presentationTitle>ski-quiz</presentationTitle>
	<speakers></speakers>
	<search url="srchdata.xml"/>
	<presentationBg url="bg.swf"/>
	<masters><master url="Master0.swf" id="1" totalFrames="1"><backdrop frameNum="0"/><slidexml><AS3Class className="TL_d93c5fd7ec56423a80d6637dbdb7ba8fyxy" classType="PptTmline_xyxyxyxyxyxyxyxyxyxyxyxyxyxy" frameRate="30"><OnLoadCallBacks/><Audios/></AS3Class></slidexml></master></masters>
	<layouts><layout url="Layout0.swf" id="1" totalFrames="1"><backdrop displayBgSp="false"/><slidexml><AS3Class className="TL_2bd328eac67a4062ba920045b5a09352yxy" classType="PptTmline_xyxyxyxyxyxyxyxyxyxyxyxyxyxy" frameRate="30"><OnLoadCallBacks/><Audios/></AS3Class></slidexml></layout><layout url="Layout1.swf" id="2" totalFrames="1"><backdrop displayBgSp="true"/><slidexml><AS3Class className="TL_bbb4eb29522b437cb782ff41b2181121yxy" classType="PptTmline_xyxyxyxyxyxyxyxyxyxyxyxyxyxy" frameRate="30"><OnLoadCallBacks/><Audios/></AS3Class></slidexml></layout><layout url="Layout2.swf" id="3" totalFrames="1"><backdrop frameNum="1" displayBgSp="true"/><slidexml><AS3Class className="TL_6bec605cd70f414bbb2864b387217254yxy" classType="PptTmline_xyxyxyxyxyxyxyxyxyxyxyxyxyxy" frameRate="30"><OnLoadCallBacks/><Audios/></AS3Class></slidexml></layout></layouts>
	<slides>
		<slide id="256" showInTOC="" inSequence="" frameRate="30" totalFrames="30" usePptxSlideDur="0" lockInteractionSlide="false" isHiddenInteractionSl="false" isWrongInteractionSl="false" swfConvertorEngine="Nova" slideDuration="5" advance="auto" blockMovement="false" hideplaybar="false" type="normal">
			<content url="Slide0.swf" id="256"/>
			<backdrop displayBgSp="true"/>
			<master id="1" frameNum="0"/>
			<layout id="1" frameNum="0"/>
			<slidexml><AS3Class className="TL_bbb4e471ec474b24a315d20489367902yxy" classType="PptTmline_xyxyxyxyxyxyxyxyxyxyxyxyxyxy" frameRate="30" normalSlide="1"><OnLoadCallBacks/><Audios/></AS3Class></slidexml>
			<clickAnimations></clickAnimations>
			<webObjectContents/>
			<flvContents/>
			<slideTitle>@Ski Jargon Quiz@</slideTitle>
			<notes isHTML="true"></notes>
			<slideThumbnail url="thumb.swf" frame="1"/>
		</slide>
		<slide id="257" showInTOC="" inSequence="" frameRate="30" totalFrames="30" usePptxSlideDur="0" lockInteractionSlide="false" isHiddenInteractionSl="false" isWrongInteractionSl="false" swfConvertorEngine="Nova" slideDuration="5" advance="auto" blockMovement="false" hideplaybar="false" type="normal">
			<content url="Slide1.swf" id="257"/>
			<backdrop displayBgSp="true"/>
			<master id="1" frameNum="0"/>
			<layout id="2" frameNum="0"/>
			<slidexml><AS3Class className="TL_2682ed03325e4cacaf83e7343462ab6cyxy" classType="PptTmline_xyxyxyxyxyxyxyxyxyxyxyxyxyxy" frameRate="30" normalSlide="1"><OnLoadCallBacks/><Audios/></AS3Class></slidexml>
			<clickAnimations></clickAnimations>
			<webObjectContents/>
			<flvContents/>
			<slideTitle>@Get ready…@</slideTitle>
			<notes isHTML="true"></notes>
			<slideThumbnail url="thumb.swf" frame="2"/>
		</slide>
		<slide id="258" showInTOC="false" inSequence="" frameRate="30" totalFrames="180" usePptxSlideDur="0" lockInteractionSlide="false" isHiddenInteractionSl="false" isWrongInteractionSl="false" swfConvertorEngine="Nova" slideDuration="6" advance="never" blockMovement="false" hideplaybar="false" type="quiz" quiz="10004" group="-1">
			<questions>
				<question index="10015" weight="10" showCorrectFeedback="true" showIncorrectFeedback="true" isMandatory="0" scoreType="scored" shuffleAnswers="true"/>
			</questions>
			<audioFeedbacks></audioFeedbacks>
			<content url="Slide2.swf" id="258"/>
			<backdrop displayBgSp="true"/>
			<master id="1" frameNum="0"/>
			<layout id="3" frameNum="0"/>
			<slidexml><AS3Class className="TL_77acfeb9bf6040da8a334a102845ce25yxy" classType="PptTmline_xyxyxyxyxyxyxyxyxyxyxyxyxyxy" frameRate="30" normalSlide="1"><FrameScript frameNo="1"><Stop/></FrameScript><OnLoadCallBacks/><Audios/></AS3Class><Quiz questionType="MultipleChoice"><AS3Class className="Question10015xyxyxyxyxyxyxyxyxyxyxyxyx" classType="Question_xyxyxyxyxyxyxyxyxyxyxyxyxyxyx" numQuestionAttemptsAllowed="1" interactionType="choice" questionNumInQuiz="10015" questionText="" isTracked="1" objectiveID="Quiz10004" interactionID="Interaction10015" mustAnswerAll="0"><AS3Class className="CorrectFeedbackxyxyxyxyxyxyxyxyxyxyxyx" classType="Feedback_xyxyxyxyxyxyxyxyxyxyxyxyxyxyx" onlyDoAction="0" actionType="nextSlide" visible="0" accText=" " audioClipID="-1" actionArg1="" actionArg2="1"/><AS3Class className="IncorrectFeedbackxyxyxyxyxyxyxyxyxyxyx" classType="Feedback_xyxyxyxyxyxyxyxyxyxyxyxyxyxyx" onlyDoAction="0" actionType="nextSlide" visible="0" accText=" " audioClipID="-1" actionArg1="" actionArg2="1"/><AS3Class className="IncompleteFeedbackyxyxyxyxyxyxyxyxyxyx" classType="Feedback_xyxyxyxyxyxyxyxyxyxyxyxyxyxyx" onlyDoAction="0" visible="0" accText=" "/><AS3Class className="ReviewFeedback10015xyxyxyxyxyxyxyxyxyx" classType="ReviewFeedback_xyxyxyxyxyxyxyxyxyxyxyx"/></AS3Class></Quiz></slidexml>
			<clickAnimations>
				<click startTime="167" isStartRelative="false" duration="666"/>
				<click startTime="867" isStartRelative="false" duration="666"/>
				<click startTime="1567" isStartRelative="false" duration="666"/>
				<click startTime="2267" isStartRelative="false" duration="666"/>
				<click startTime="2967" isStartRelative="false" duration="666"/>
				<click startTime="3667" isStartRelative="false" duration="666"/>
				<click startTime="4367" isStartRelative="false" duration="666"/>
			</clickAnimations>
			<webObjectContents/>
			<flvContents/>
			<slideTitle>@What does 'wipe out' mean?@</slideTitle>
			<notes isHTML="true"></notes>
			<slideThumbnail url="thumb.swf" frame="3"/>
		</slide>
		<slide id="259" showInTOC="false" inSequence="" frameRate="30" totalFrames="180" usePptxSlideDur="0" lockInteractionSlide="false" isHiddenInteractionSl="false" isWrongInteractionSl="false" swfConvertorEngine="Nova" slideDuration="6" advance="never" blockMovement="false" hideplaybar="false" type="quiz" quiz="10004" group="-1">
			<questions>
				<question index="10027" weight="10" showCorrectFeedback="true" showIncorrectFeedback="true" isMandatory="0" scoreType="scored" shuffleAnswers="false"/>
			</questions>
			<audioFeedbacks></audioFeedbacks>
			<content url="Slide3.swf" id="259"/>
			<backdrop displayBgSp="true"/>
			<master id="1" frameNum="0"/>
			<layout id="3" frameNum="0"/>
			<slidexml><AS3Class className="TL_17272a1a1107403882773b3fa84b44efyxy" classType="PptTmline_xyxyxyxyxyxyxyxyxyxyxyxyxyxy" frameRate="30" normalSlide="1"><FrameScript frameNo="1"><Stop/></FrameScript><OnLoadCallBacks/><Audios/></AS3Class><Quiz questionType="MultipleChoice"><AS3Class className="Question10027xyxyxyxyxyxyxyxyxyxyxyxyx" classType="Question_xyxyxyxyxyxyxyxyxyxyxyxyxyxyx" numQuestionAttemptsAllowed="1" interactionType="choice" questionNumInQuiz="10027" questionText="" isTracked="1" objectiveID="Quiz10004" interactionID="Interaction10027" mustAnswerAll="0"><AS3Class className="CorrectFeedbackxyxyxyxyxyxyxyxyxyxyxyx" classType="Feedback_xyxyxyxyxyxyxyxyxyxyxyxyxyxyx" onlyDoAction="0" actionType="nextSlide" visible="0" accText=" " audioClipID="-1" actionArg1="" actionArg2="1"/><AS3Class className="IncorrectFeedbackxyxyxyxyxyxyxyxyxyxyx" classType="Feedback_xyxyxyxyxyxyxyxyxyxyxyxyxyxyx" onlyDoAction="0" actionType="nextSlide" visible="0" accText=" " audioClipID="-1" actionArg1="" actionArg2="1"/><AS3Class className="IncompleteFeedbackyxyxyxyxyxyxyxyxyxyx" classType="Feedback_xyxyxyxyxyxyxyxyxyxyxyxyxyxyx" onlyDoAction="0" visible="0" accText=" "/><AS3Class className="ReviewFeedback10027xyxyxyxyxyxyxyxyxyx" classType="ReviewFeedback_xyxyxyxyxyxyxyxyxyxyxyx"/></AS3Class></Quiz></slidexml>
			<clickAnimations>
				<click startTime="167" isStartRelative="false" duration="666"/>
				<click startTime="867" isStartRelative="false" duration="666"/>
				<click startTime="1567" isStartRelative="false" duration="666"/>
				<click startTime="2267" isStartRelative="false" duration="666"/>
				<click startTime="2967" isStartRelative="false" duration="666"/>
				<click startTime="3667" isStartRelative="false" duration="666"/>
				<click startTime="4367" isStartRelative="false" duration="666"/>
			</clickAnimations>
			<webObjectContents/>
			<flvContents/>
			<slideTitle>@What does 'bombing' refer to?@</slideTitle>
			<notes isHTML="true"></notes>
			<slideThumbnail url="thumb.swf" frame="4"/>
		</slide>
		<slide id="260" showInTOC="false" inSequence="" frameRate="30" totalFrames="180" usePptxSlideDur="0" lockInteractionSlide="false" isHiddenInteractionSl="false" isWrongInteractionSl="false" swfConvertorEngine="Nova" slideDuration="6" advance="never" blockMovement="false" hideplaybar="false" type="quiz" quiz="10004" group="-1">
			<questions>
				<question index="10039" weight="10" showCorrectFeedback="true" showIncorrectFeedback="true" isMandatory="0" scoreType="scored" shuffleAnswers="true"/>
			</questions>
			<audioFeedbacks></audioFeedbacks>
			<content url="Slide4.swf" id="260"/>
			<backdrop displayBgSp="true"/>
			<master id="1" frameNum="0"/>
			<layout id="3" frameNum="0"/>
			<slidexml><AS3Class className="TL_f90f7c9006be43dd9c5e4edb1361c3d2yxy" classType="PptTmline_xyxyxyxyxyxyxyxyxyxyxyxyxyxy" frameRate="30" normalSlide="1"><FrameScript frameNo="1"><Stop/></FrameScript><OnLoadCallBacks/><Audios/></AS3Class><Quiz questionType="MultipleChoice"><AS3Class className="Question10039xyxyxyxyxyxyxyxyxyxyxyxyx" classType="Question_xyxyxyxyxyxyxyxyxyxyxyxyxyxyx" numQuestionAttemptsAllowed="1" interactionType="choice" questionNumInQuiz="10039" questionText="" isTracked="1" objectiveID="Quiz10004" interactionID="Interaction10039" mustAnswerAll="0"><AS3Class className="CorrectFeedbackxyxyxyxyxyxyxyxyxyxyxyx" classType="Feedback_xyxyxyxyxyxyxyxyxyxyxyxyxyxyx" onlyDoAction="0" actionType="nextSlide" visible="0" accText=" " audioClipID="-1" actionArg1="" actionArg2="1"/><AS3Class className="IncorrectFeedbackxyxyxyxyxyxyxyxyxyxyx" classType="Feedback_xyxyxyxyxyxyxyxyxyxyxyxyxyxyx" onlyDoAction="0" actionType="nextSlide" visible="0" accText=" " audioClipID="-1" actionArg1="" actionArg2="1"/><AS3Class className="IncompleteFeedbackyxyxyxyxyxyxyxyxyxyx" classType="Feedback_xyxyxyxyxyxyxyxyxyxyxyxyxyxyx" onlyDoAction="0" visible="0" accText=" "/><AS3Class className="ReviewFeedback10039xyxyxyxyxyxyxyxyxyx" classType="ReviewFeedback_xyxyxyxyxyxyxyxyxyxyxyx"/></AS3Class></Quiz></slidexml>
			<clickAnimations>
				<click startTime="167" isStartRelative="false" duration="666"/>
				<click startTime="867" isStartRelative="false" duration="666"/>
				<click startTime="1567" isStartRelative="false" duration="666"/>
				<click startTime="2267" isStartRelative="false" duration="666"/>
				<click startTime="2967" isStartRelative="false" duration="666"/>
				<click startTime="3667" isStartRelative="false" duration="666"/>
				<click startTime="4367" isStartRelative="false" duration="666"/>
			</clickAnimations>
			<webObjectContents/>
			<flvContents/>
			<slideTitle>@What does 'stomp' mean?@</slideTitle>
			<notes isHTML="true"></notes>
			<slideThumbnail url="thumb.swf" frame="5"/>
		</slide>
		<slide id="261" showInTOC="false" inSequence="" frameRate="30" totalFrames="180" usePptxSlideDur="0" lockInteractionSlide="false" isHiddenInteractionSl="false" isWrongInteractionSl="false" swfConvertorEngine="Nova" slideDuration="6" advance="never" blockMovement="false" hideplaybar="false" type="quiz" quiz="10004" group="-1">
			<questions>
				<question index="10051" weight="10" showCorrectFeedback="true" showIncorrectFeedback="true" isMandatory="0" scoreType="scored" shuffleAnswers="false"/>
			</questions>
			<audioFeedbacks></audioFeedbacks>
			<content url="Slide5.swf" id="261"/>
			<backdrop displayBgSp="true"/>
			<master id="1" frameNum="0"/>
			<layout id="3" frameNum="0"/>
			<slidexml><AS3Class className="TL_24960b7fde7741799108f7dbcb916d93yxy" classType="PptTmline_xyxyxyxyxyxyxyxyxyxyxyxyxyxy" frameRate="30" normalSlide="1"><FrameScript frameNo="1"><Stop/></FrameScript><OnLoadCallBacks/><Audios/></AS3Class><Quiz questionType="MultipleChoice"><AS3Class className="Question10051xyxyxyxyxyxyxyxyxyxyxyxyx" classType="Question_xyxyxyxyxyxyxyxyxyxyxyxyxyxyx" numQuestionAttemptsAllowed="1" interactionType="choice" questionNumInQuiz="10051" questionText="" isTracked="1" objectiveID="Quiz10004" interactionID="Interaction10051" mustAnswerAll="0"><AS3Class className="CorrectFeedbackxyxyxyxyxyxyxyxyxyxyxyx" classType="Feedback_xyxyxyxyxyxyxyxyxyxyxyxyxyxyx" onlyDoAction="0" actionType="nextSlide" visible="0" accText=" " audioClipID="-1" actionArg1="" actionArg2="1"/><AS3Class className="IncorrectFeedbackxyxyxyxyxyxyxyxyxyxyx" classType="Feedback_xyxyxyxyxyxyxyxyxyxyxyxyxyxyx" onlyDoAction="0" actionType="nextSlide" visible="0" accText=" " audioClipID="-1" actionArg1="" actionArg2="1"/><AS3Class className="IncompleteFeedbackyxyxyxyxyxyxyxyxyxyx" classType="Feedback_xyxyxyxyxyxyxyxyxyxyxyxyxyxyx" onlyDoAction="0" visible="0" accText=" "/><AS3Class className="ReviewFeedback10051xyxyxyxyxyxyxyxyxyx" classType="ReviewFeedback_xyxyxyxyxyxyxyxyxyxyxyx"/></AS3Class></Quiz></slidexml>
			<clickAnimations>
				<click startTime="167" isStartRelative="false" duration="666"/>
				<click startTime="867" isStartRelative="false" duration="666"/>
				<click startTime="1567" isStartRelative="false" duration="666"/>
				<click startTime="2267" isStartRelative="false" duration="666"/>
				<click startTime="2967" isStartRelative="false" duration="666"/>
				<click startTime="3667" isStartRelative="false" duration="666"/>
				<click startTime="4367" isStartRelative="false" duration="666"/>
			</clickAnimations>
			<webObjectContents/>
			<flvContents/>
			<slideTitle>@What is a 'kicker'?@</slideTitle>
			<notes isHTML="true"></notes>
			<slideThumbnail url="thumb.swf" frame="6"/>
		</slide>
		<slide id="263" showInTOC="false" inSequence="" frameRate="30" totalFrames="180" usePptxSlideDur="0" lockInteractionSlide="false" isHiddenInteractionSl="false" isWrongInteractionSl="false" swfConvertorEngine="Nova" slideDuration="6" advance="never" blockMovement="false" hideplaybar="false" type="quiz" quiz="10004" group="-1">
			<questions>
				<question index="10069" weight="10" showCorrectFeedback="true" showIncorrectFeedback="true" isMandatory="0" scoreType="scored" shuffleAnswers="true"/>
			</questions>
			<audioFeedbacks></audioFeedbacks>
			<content url="Slide6.swf" id="263"/>
			<backdrop displayBgSp="true"/>
			<master id="1" frameNum="0"/>
			<layout id="3" frameNum="0"/>
			<slidexml><AS3Class className="TL_bea79e9976bf44a3b85ed96bebe01841yxy" classType="PptTmline_xyxyxyxyxyxyxyxyxyxyxyxyxyxy" frameRate="30" normalSlide="1"><FrameScript frameNo="1"><Stop/></FrameScript><OnLoadCallBacks/><Audios/></AS3Class><Quiz questionType="MultipleChoice"><AS3Class className="Question10069xyxyxyxyxyxyxyxyxyxyxyxyx" classType="Question_xyxyxyxyxyxyxyxyxyxyxyxyxyxyx" numQuestionAttemptsAllowed="1" interactionType="choice" questionNumInQuiz="10069" questionText="" isTracked="1" objectiveID="Quiz10004" interactionID="Interaction10069" mustAnswerAll="0"><AS3Class className="CorrectFeedbackxyxyxyxyxyxyxyxyxyxyxyx" classType="Feedback_xyxyxyxyxyxyxyxyxyxyxyxyxyxyx" onlyDoAction="0" actionType="nextSlide" visible="0" accText=" " audioClipID="-1" actionArg1="" actionArg2="1"/><AS3Class className="IncorrectFeedbackxyxyxyxyxyxyxyxyxyxyx" classType="Feedback_xyxyxyxyxyxyxyxyxyxyxyxyxyxyx" onlyDoAction="0" actionType="nextSlide" visible="0" accText=" " audioClipID="-1" actionArg1="" actionArg2="1"/><AS3Class className="IncompleteFeedbackyxyxyxyxyxyxyxyxyxyx" classType="Feedback_xyxyxyxyxyxyxyxyxyxyxyxyxyxyx" onlyDoAction="0" visible="0" accText=" "/><AS3Class className="ReviewFeedback10069xyxyxyxyxyxyxyxyxyx" classType="ReviewFeedback_xyxyxyxyxyxyxyxyxyxyxyx"/></AS3Class></Quiz></slidexml>
			<clickAnimations>
				<click startTime="167" isStartRelative="false" duration="666"/>
				<click startTime="867" isStartRelative="false" duration="666"/>
				<click startTime="1567" isStartRelative="false" duration="666"/>
				<click startTime="2267" isStartRelative="false" duration="666"/>
				<click startTime="2967" isStartRelative="false" duration="666"/>
				<click startTime="3667" isStartRelative="false" duration="666"/>
				<click startTime="4367" isStartRelative="false" duration="666"/>
			</clickAnimations>
			<webObjectContents/>
			<flvContents/>
			<slideTitle>@What is 'chatter'?@</slideTitle>
			<notes isHTML="true"></notes>
			<slideThumbnail url="thumb.swf" frame="7"/>
		</slide>
		<slide id="264" showInTOC="false" inSequence="" frameRate="30" totalFrames="180" usePptxSlideDur="0" lockInteractionSlide="false" isHiddenInteractionSl="false" isWrongInteractionSl="false" swfConvertorEngine="Nova" slideDuration="6" advance="never" blockMovement="false" hideplaybar="false" type="quiz" quiz="10004" group="-1">
			<questions>
				<question index="10081" weight="10" showCorrectFeedback="true" showIncorrectFeedback="true" isMandatory="0" scoreType="scored" shuffleAnswers="true"/>
			</questions>
			<audioFeedbacks></audioFeedbacks>
			<content url="Slide7.swf" id="264"/>
			<backdrop displayBgSp="true"/>
			<master id="1" frameNum="0"/>
			<layout id="3" frameNum="0"/>
			<slidexml><AS3Class className="TL_ea6c11192e0c44ab998fd54c88c94173yxy" classType="PptTmline_xyxyxyxyxyxyxyxyxyxyxyxyxyxy" frameRate="30" normalSlide="1"><FrameScript frameNo="1"><Stop/></FrameScript><OnLoadCallBacks/><Audios/></AS3Class><Quiz questionType="MultipleChoice"><AS3Class className="Question10081xyxyxyxyxyxyxyxyxyxyxyxyx" classType="Question_xyxyxyxyxyxyxyxyxyxyxyxyxyxyx" numQuestionAttemptsAllowed="1" interactionType="choice" questionNumInQuiz="10081" questionText="" isTracked="1" objectiveID="Quiz10004" interactionID="Interaction10081" mustAnswerAll="0"><AS3Class className="CorrectFeedbackxyxyxyxyxyxyxyxyxyxyxyx" classType="Feedback_xyxyxyxyxyxyxyxyxyxyxyxyxyxyx" onlyDoAction="0" actionType="nextSlide" visible="0" accText=" " audioClipID="-1" actionArg1="" actionArg2="1"/><AS3Class className="IncorrectFeedbackxyxyxyxyxyxyxyxyxyxyx" classType="Feedback_xyxyxyxyxyxyxyxyxyxyxyxyxyxyx" onlyDoAction="0" actionType="nextSlide" visible="0" accText=" " audioClipID="-1" actionArg1="" actionArg2="1"/><AS3Class className="IncompleteFeedbackyxyxyxyxyxyxyxyxyxyx" classType="Feedback_xyxyxyxyxyxyxyxyxyxyxyxyxyxyx" onlyDoAction="0" visible="0" accText=" "/><AS3Class className="ReviewFeedback10081xyxyxyxyxyxyxyxyxyx" classType="ReviewFeedback_xyxyxyxyxyxyxyxyxyxyxyx"/></AS3Class></Quiz></slidexml>
			<clickAnimations>
				<click startTime="167" isStartRelative="false" duration="666"/>
				<click startTime="867" isStartRelative="false" duration="666"/>
				<click startTime="1567" isStartRelative="false" duration="666"/>
				<click startTime="2267" isStartRelative="false" duration="666"/>
				<click startTime="2967" isStartRelative="false" duration="666"/>
				<click startTime="3667" isStartRelative="false" duration="666"/>
				<click startTime="4367" isStartRelative="false" duration="666"/>
			</clickAnimations>
			<webObjectContents/>
			<flvContents/>
			<slideTitle>@A 'liftie' is...@</slideTitle>
			<notes isHTML="true"></notes>
			<slideThumbnail url="thumb.swf" frame="8"/>
		</slide>
		<slide id="265" showInTOC="false" inSequence="" frameRate="30" totalFrames="180" usePptxSlideDur="0" lockInteractionSlide="false" isHiddenInteractionSl="false" isWrongInteractionSl="false" swfConvertorEngine="Nova" slideDuration="6" advance="never" blockMovement="false" hideplaybar="false" type="quiz" quiz="10004" group="-1">
			<questions>
				<question index="10093" weight="10" showCorrectFeedback="true" showIncorrectFeedback="true" isMandatory="0" scoreType="scored" shuffleAnswers="true"/>
			</questions>
			<audioFeedbacks></audioFeedbacks>
			<content url="Slide8.swf" id="265"/>
			<backdrop displayBgSp="true"/>
			<master id="1" frameNum="0"/>
			<layout id="3" frameNum="0"/>
			<slidexml><AS3Class className="TL_f6246bf97133485baba69f35a0cf0aefyxy" classType="PptTmline_xyxyxyxyxyxyxyxyxyxyxyxyxyxy" frameRate="30" normalSlide="1"><FrameScript frameNo="1"><Stop/></FrameScript><OnLoadCallBacks/><Audios/></AS3Class><Quiz questionType="MultipleChoice"><AS3Class className="Question10093xyxyxyxyxyxyxyxyxyxyxyxyx" classType="Question_xyxyxyxyxyxyxyxyxyxyxyxyxyxyx" numQuestionAttemptsAllowed="1" interactionType="choice" questionNumInQuiz="10093" questionText="" isTracked="1" objectiveID="Quiz10004" interactionID="Interaction10093" mustAnswerAll="0"><AS3Class className="CorrectFeedbackxyxyxyxyxyxyxyxyxyxyxyx" classType="Feedback_xyxyxyxyxyxyxyxyxyxyxyxyxyxyx" onlyDoAction="0" actionType="nextSlide" visible="0" accText=" " audioClipID="-1" actionArg1="" actionArg2="1"/><AS3Class className="IncorrectFeedbackxyxyxyxyxyxyxyxyxyxyx" classType="Feedback_xyxyxyxyxyxyxyxyxyxyxyxyxyxyx" onlyDoAction="0" actionType="nextSlide" visible="0" accText=" " audioClipID="-1" actionArg1="" actionArg2="1"/><AS3Class className="IncompleteFeedbackyxyxyxyxyxyxyxyxyxyx" classType="Feedback_xyxyxyxyxyxyxyxyxyxyxyxyxyxyx" onlyDoAction="0" visible="0" accText=" "/><AS3Class className="ReviewFeedback10093xyxyxyxyxyxyxyxyxyx" classType="ReviewFeedback_xyxyxyxyxyxyxyxyxyxyxyx"/></AS3Class></Quiz></slidexml>
			<clickAnimations>
				<click startTime="167" isStartRelative="false" duration="666"/>
				<click startTime="867" isStartRelative="false" duration="666"/>
				<click startTime="1567" isStartRelative="false" duration="666"/>
				<click startTime="2267" isStartRelative="false" duration="666"/>
				<click startTime="2967" isStartRelative="false" duration="666"/>
				<click startTime="3667" isStartRelative="false" duration="666"/>
				<click startTime="4367" isStartRelative="false" duration="666"/>
			</clickAnimations>
			<webObjectContents/>
			<flvContents/>
			<slideTitle>@What is 'jibbing'?@</slideTitle>
			<notes isHTML="true"></notes>
			<slideThumbnail url="thumb.swf" frame="9"/>
		</slide>
		<slide id="262" showInTOC="false" inSequence="" frameRate="30" totalFrames="30" usePptxSlideDur="0" lockInteractionSlide="false" isHiddenInteractionSl="false" isWrongInteractionSl="false" swfConvertorEngine="Nova" slideDuration="5" advance="never" blockMovement="false" hideplaybar="false" type="scoring" quiz="10004">
			<content url="Slide9.swf" id="262"/>
			<backdrop displayBgSp="true"/>
			<master id="1" frameNum="0"/>
			<layout id="3" frameNum="0"/>
			<slidexml><AS3Class className="TL_5fed8310f0644b7cb80185225ba9bef9yxy" classType="PptTmline_xyxyxyxyxyxyxyxyxyxyxyxyxyxy" frameRate="30" normalSlide="1"><FrameScript frameNo="1"><Stop/></FrameScript><OnLoadCallBacks/><Audios/></AS3Class><Quiz questionType="ScoringSlide"/></slidexml>
			<clickAnimations>
				<click startTime="167" isStartRelative="false" duration="666"/>
			</clickAnimations>
			<webObjectContents/>
			<flvContents/>
			<slideTitle>@Quiz@</slideTitle>
			<notes isHTML="true"></notes>
			<slideThumbnail url="thumb.swf" frame="10"/>
		</slide>
	</slides>
	<quizzes>
		<reportingOptions statusReportingOption="1" successReportingCriteria="4" completionReportingCriteria="-1" slideViewCompletionCriteria="-1" slideViewSuccessCriteria="-1" quizCompletionCriteria="-1" quizSuccessCriteria="-1" completionCriteriaSlideViewVal="0" successCriteriaSlideViewVal="0" dataToReport="1" exitNormal="0" isTracked="true" LMSType="SCORM_1_2" AuthorwareDelimeter="," trackingLevel="score" completionValueToSend="default" completionTrigger="breeze" trackingURLEncodeVersionAndSession="true" trackingCharsToNotUrlEncode="" trackingSendInterval="1" completionSlideViewPercentage="100" trackingSendResumeData="true" sendScoreAsPercent="true"></reportingOptions>
		<quizSettings showQuestionList="true" showScores="true" showPassScore="false" showCurrentScore="false" showQuestionMarks="false" showAttempts="true" showQuizAttempts="false" showQuestionAttempts="false" showQuestionCorrectFeedback="true" showQuestionIncorrectFeedback="true" showQuizNavigationWarning="true"></quizSettings>
		<quiz quizID="10004" title="Quiz" numQuizAttemptsAllowed="1" minScore="0" passingScore="80" percent="true" passingGradeAction="nextSlide" passingGradeActionArg1="" passingGradeActionArg2="1" failingGradeAction="nextSlide" failingGradeActionArg1="" failingGradeActionArg2="1" questionAdvance="optional" quizAdvance="optional" showProgress="minimal" allowBackwardMovementInQuiz="true" allowReviewMode="true" passedScoreFeedback="Passed" failedScoreFeedback="Failed" shuffleQuestions="0">
			<questiongroups></questiongroups>
		</quiz>
	</quizzes>
	<attachments></attachments>
</presentation>
